epoch,box_loss,cls_loss,dfl_loss,precision,recall,mAP50,mAP50_95
1,2.213,9.454,1.809,0.616,0.2,0.189,0.0579
2,1.329,3.765,1.169,0.652,0.8,0.794,0.476
3,1.174,1.612,1.026,0.7,0.6,0.608,0.349
4,1.186,1.344,1.049,0.991,0.85,0.925,0.56
5,1.212,1.079,0.9991,0.81,0.9,0.882,0.505
6,1.159,0.9885,0.9894,0.515,0.55,0.464,0.253
7,1.165,0.9901,0.9827,0.906,0.35,0.347,0.225
8,1.147,0.9311,1.044,0.98,0.45,0.453,0.289
9,1.118,0.9583,1.006,0.00888,0.25,0.00659,0.00308
10,1.093,0.8711,0.9776,0.0426,0.1,0.0102,0.00553
11,1.098,0.8222,1.005,0.07,0.2,0.0199,0.0104
12,1.14,0.8042,0.987,0.0291,0.05,0.00272,0.000782
13,1.1,0.7613,1.006,0.681,0.05,0.0469,0.0142
14,1.081,0.7276,0.9845,0.385,0.5,0.33,0.178
15,1.059,0.719,0.9775,0.85,0.95,0.877,0.569
16,1.023,0.708,0.9662,0.939,0.8,0.821,0.578
17,0.9981,0.6703,0.9611,0.897,0.65,0.719,0.497
18,0.9902,0.7161,0.9615,1,0.997,0.995,0.699
19,0.9488,0.6684,0.9275,0.992,1,0.995,0.684
20,0.9272,0.638,0.9325,0.941,0.9,0.978,0.737
21,0.895,0.5974,0.9251,0.908,0.986,0.988,0.721
22,0.9309,0.619,0.9261,1,0.921,0.988,0.714
23,0.8689,0.6217,0.9293,0.982,0.85,0.929,0.709
24,0.9318,0.6368,0.935,0.0146,0.45,0.0134,0.00912
25,0.8985,0.5905,0.9377,0.107,0.9,0.102,0.0701
26,0.8636,0.5687,0.8989,0.381,0.95,0.382,0.253
27,0.8714,0.5752,0.9155,0.997,1,0.995,0.679
28,0.8426,0.5166,0.898,0.997,1,0.995,0.735
29,0.8291,0.5313,0.8991,0.998,1,0.995,0.728
30,0.8143,0.532,0.8864,1,1,0.995,0.783
31,0.785,0.5317,0.8816,0.998,0.9,0.98,0.772
32,0.8452,0.5351,0.9034,0.998,1,0.995,0.756
33,0.7904,0.5323,0.8826,0.997,1,0.995,0.787
34,0.7923,0.5116,0.8846,0.997,1,0.995,0.733
35,0.8069,0.5141,0.8821,0.996,1,0.995,0.778
36,0.8141,0.5157,0.8866,0.998,1,0.995,0.732
37,0.7927,0.497,0.876,0.997,1,0.995,0.786
38,0.8094,0.4976,0.8877,0.996,1,0.995,0.749
39,0.7932,0.4964,0.8705,0.997,1,0.995,0.753
40,0.7856,0.5078,0.8824,0.997,1,0.995,0.808
41,0.779,0.5098,0.8804,0.996,1,0.995,0.774
42,0.748,0.4883,0.8677,0.997,1,0.995,0.787
43,0.718,0.4571,0.8539,0.999,1,0.995,0.827
44,0.7196,0.4797,0.8611,0.998,1,0.995,0.761
45,0.7287,0.4728,0.8691,0.985,1,0.995,0.73
46,0.7487,0.4718,0.8784,0.996,1,0.995,0.781
47,0.7399,0.4632,0.8585,0.996,1,0.995,0.811
48,0.7122,0.4534,0.8522,0.997,1,0.995,0.794
49,0.6908,0.4446,0.8655,0.997,1,0.995,0.821
50,0.7006,0.4315,0.8644,0.997,1,0.995,0.79
51,0.6966,0.4319,0.8454,0.997,1,0.995,0.759
52,0.6729,0.4149,0.8331,0.997,1,0.995,0.726
53,0.6476,0.3891,0.8235,0.997,1,0.995,0.788
54,0.6614,0.3974,0.814,0.998,1,0.995,0.832
55,0.6145,0.3842,0.8291,0.998,1,0.995,0.824
56,0.6122,0.3756,0.8381,0.998,1,0.995,0.835
57,0.627,0.3736,0.8176,0.997,1,0.995,0.837
58,0.6107,0.3749,0.8172,0.997,1,0.995,0.795
59,0.5964,0.3569,0.8296,0.997,1,0.995,0.788
60,0.5779,0.3676,0.8213,0.997,1,0.995,0.785
